Stock,merged,Total_true,Total_false,UpTrend_Per,Up_True,Up_false,DownTrend_Per,down_True,down_False
3IINFOLTD.csv,0.0,0,3,-1,-1,-1,0.0,0,3
3MINDIA.csv,38.46,5,8,0.0,0,6,71.43,5,2
AARTIDRUGS.csv,66.67,8,4,-1,-1,-1,66.67,8,4
AARTIIND.csv,50.0,4,4,40.0,2,3,66.67,2,1
AAVAS.csv,20.0,2,8,40.0,2,3,0.0,0,5
ABB.csv,23.08,3,10,30.0,3,7,0.0,0,3
ABBOTINDIA.csv,22.22,4,14,50.0,1,1,18.75,3,13
ABCAPITAL.csv,41.67,5,7,0.0,0,4,62.5,5,3
ACC.csv,16.67,1,5,20.0,1,4,0.0,0,1
ACCELYA.csv,22.22,2,7,-1,-1,-1,22.22,2,7
ACE.csv,0.0,0,7,0.0,0,6,0.0,0,1
ADANIENT.csv,25.0,3,9,25.0,3,9,-1.0,-1,-1
ADANIGREEN.csv,72.73,8,3,66.67,6,3,100.0,2,0
ADANIPORTS.csv,40.0,2,3,50.0,2,2,0.0,0,1
ADANIPOWER.csv,50.0,2,2,66.67,2,1,0.0,0,1
ADANITRANS.csv,100.0,3,0,100.0,2,0,100.0,1,0
ALEMBICLTD.csv,42.86,3,4,0.0,0,2,60.0,3,2
ALKEM.csv,30.0,3,7,75.0,3,1,0.0,0,6
ALLCARGO.csv,30.0,3,7,50.0,1,1,25.0,2,6
AMARAJABAT.csv,31.25,5,11,-1,-1,-1,31.25,5,11
AMBER.csv,0.0,0,9,0.0,0,5,0.0,0,4
AMBUJACEM.csv,50.0,3,3,60.0,3,2,0.0,0,1
ANANTRAJ.csv,54.55,6,5,37.5,3,5,100.0,3,0
ANUP.csv,71.43,5,2,100.0,5,0,0.0,0,2
APEX.csv,0.0,0,4,0.0,0,1,0.0,0,3
APLAPOLLO.csv,12.5,1,7,14.29,1,6,0.0,0,1
APLLTD.csv,0.0,0,2,0.0,0,1,0.0,0,1
APOLLOHOSP.csv,69.23,9,4,90.0,9,1,0.0,0,3
APOLLOPIPE.csv,18.75,3,13,27.27,3,8,0.0,0,5
APOLLOTYRE.csv,36.36,4,7,57.14,4,3,0.0,0,4
APTECHT.csv,33.33,2,4,40.0,2,3,0.0,0,1
ARVIND.csv,20.0,1,4,25.0,1,3,0.0,0,1
ASAHIINDIA.csv,75.0,12,4,72.73,8,3,80.0,4,1
ASHIANA.csv,27.78,5,13,25.0,2,6,30.0,3,7
ASHOKA.csv,16.67,1,5,0.0,0,2,25.0,1,3
ASHOKLEY.csv,30.0,3,7,37.5,3,5,0.0,0,2
ASIANPAINT.csv,28.57,4,10,20.0,1,4,33.33,3,6
ASIANTILES.csv,23.08,3,10,0.0,0,3,30.0,3,7
ASTEC.csv,0.0,0,11,0.0,0,8,0.0,0,3
ASTRAL.csv,0.0,0,9,0.0,0,4,0.0,0,5
ASTRAMICRO.csv,50.0,3,3,0.0,0,2,75.0,3,1
ATGL.csv,0.0,0,4,0.0,0,4,-1.0,-1,-1
ATUL.csv,12.5,1,7,14.29,1,6,0.0,0,1
AUBANK.csv,28.57,2,5,40.0,2,3,0.0,0,2
AUROPHARMA.csv,63.64,7,4,25.0,1,3,85.71,6,1
AUTOAXLES.csv,50.0,8,8,53.33,8,7,0.0,0,1
AXISBANK.csv,66.67,4,2,66.67,4,2,-1.0,-1,-1
BAJAJ-AUTO.csv,36.36,4,7,50.0,4,4,0.0,0,3
BAJAJELEC.csv,37.5,3,5,50.0,3,3,0.0,0,2
BAJAJFINSV.csv,60.0,6,4,60.0,3,2,60.0,3,2
BAJAJHLDNG.csv,75.0,6,2,85.71,6,1,0.0,0,1
BAJFINANCE.csv,44.44,4,5,16.67,1,5,100.0,3,0
BALAJITELE.csv,23.53,4,13,0.0,0,4,30.77,4,9
BALKRISIND.csv,50.0,2,2,33.33,1,2,100.0,1,0
BANDHANBNK.csv,0.0,0,11,0.0,0,5,0.0,0,6
BANKBARODA.csv,45.45,5,6,55.56,5,4,0.0,0,2
BANKINDIA.csv,54.55,6,5,50.0,2,2,57.14,4,3
BARBEQUE.csv,62.5,5,3,50.0,2,2,75.0,3,1
BASF.csv,0.0,0,4,0.0,0,3,0.0,0,1
BATAINDIA.csv,45.45,5,6,44.44,4,5,50.0,1,1
BAYERCROP.csv,0.0,0,8,0.0,0,2,0.0,0,6
BBTC.csv,54.55,6,5,0.0,0,1,60.0,6,4
BDL.csv,53.85,7,6,53.85,7,6,-1.0,-1,-1
BEL.csv,64.0,16,9,57.89,11,8,83.33,5,1
BEML.csv,30.77,4,9,44.44,4,5,0.0,0,4
BERGEPAINT.csv,8.33,1,11,0.0,0,1,9.09,1,10
BHARATFORG.csv,0.0,0,5,0.0,0,5,-1.0,-1,-1
BHARTIARTL.csv,28.57,2,5,50.0,1,1,20.0,1,4
BIOCON.csv,69.23,9,4,-1,-1,-1,69.23,9,4
BLISSGVS.csv,0.0,0,12,0.0,0,4,0.0,0,8
BLS.csv,36.36,4,7,28.57,2,5,50.0,2,2
BLUEDART.csv,43.75,7,9,50.0,7,7,0.0,0,2
BLUESTARCO.csv,25.0,2,6,66.67,2,1,0.0,0,5
BODALCHEM.csv,73.33,11,4,66.67,4,2,77.78,7,2
BORORENEW.csv,55.56,5,4,0.0,0,3,83.33,5,1
BOSCHLTD.csv,25.0,2,6,16.67,1,5,50.0,1,1
BPCL.csv,21.43,3,11,75.0,3,1,0.0,0,10
BRITANNIA.csv,0.0,0,19,0.0,0,9,0.0,0,10
BSE.csv,63.64,7,4,57.14,4,3,75.0,3,1
CANBK.csv,0.0,0,14,0.0,0,14,-1.0,-1,-1
CANTABIL.csv,0.0,0,2,0.0,0,2,-1.0,-1,-1
CAPACITE.csv,8.33,1,11,12.5,1,7,0.0,0,4
CARBORUNIV.csv,40.0,4,6,33.33,2,4,50.0,2,2
CARERATING.csv,50.0,4,4,66.67,2,1,40.0,2,3
CDSL.csv,0.0,0,5,0.0,0,3,0.0,0,2
CEATLTD.csv,72.73,8,3,40.0,2,3,100.0,6,0
CENTURYPLY.csv,27.27,3,8,37.5,3,5,0.0,0,3
CERA.csv,27.27,3,8,33.33,1,2,25.0,2,6
CGPOWER.csv,16.67,1,5,16.67,1,5,-1.0,-1,-1
CHALET.csv,45.45,5,6,55.56,5,4,0.0,0,2
CHAMBLFERT.csv,42.86,3,4,33.33,2,4,100.0,1,0
CHENNPETRO.csv,0.0,0,10,0.0,0,4,0.0,0,6
CHOLAFIN.csv,12.5,2,14,0.0,0,8,25.0,2,6
CIGNITITEC.csv,80.0,4,1,50.0,1,1,100.0,3,0
CIPLA.csv,0.0,0,4,0.0,0,3,0.0,0,1
COALINDIA.csv,44.44,4,5,44.44,4,5,-1.0,-1,-1
COFFEEDAY.csv,0.0,0,4,-1,-1,-1,0.0,0,4
COFORGE.csv,54.55,6,5,75.0,6,2,0.0,0,3
COLPAL.csv,21.43,3,11,28.57,2,5,14.29,1,6
CONCOR.csv,14.29,1,6,33.33,1,2,0.0,0,4
CONFIPET.csv,41.67,5,7,0.0,0,3,55.56,5,4
COROMANDEL.csv,16.67,3,15,16.67,2,10,16.67,1,5
CRISIL.csv,0.0,0,10,0.0,0,6,0.0,0,4
CSBBANK.csv,27.78,5,13,40.0,2,3,23.08,3,10
CUB.csv,22.22,2,7,25.0,1,3,20.0,1,4
CUMMINSIND.csv,9.09,1,10,10.0,1,9,0.0,0,1
CYIENT.csv,52.63,10,9,66.67,10,5,0.0,0,4
DABUR.csv,53.33,8,7,20.0,1,4,70.0,7,3
DCMSHRIRAM.csv,22.22,2,7,50.0,2,2,0.0,0,5
DEEPAKNTR.csv,40.0,6,9,85.71,6,1,0.0,0,8
DELTACORP.csv,50.0,6,6,28.57,2,5,80.0,4,1
DEVYANI.csv,0.0,0,3,0.0,0,3,-1.0,-1,-1
DHAMPURSUG.csv,35.71,5,9,62.5,5,3,0.0,0,6
DISHTV.csv,16.67,2,10,0.0,0,2,20.0,2,8
DIVISLAB.csv,33.33,2,4,-1,-1,-1,33.33,2,4
DIXON.csv,46.15,6,7,50.0,3,3,42.86,3,4
DLF.csv,69.23,9,4,100.0,6,0,42.86,3,4
DMART.csv,47.62,10,11,12.5,1,7,69.23,9,4
DRREDDY.csv,44.44,4,5,66.67,4,2,0.0,0,3
EASEMYTRIP.csv,58.33,7,5,37.5,3,5,100.0,4,0
EBIXFOREX.csv,-1.0,-1,-1,-1,-1,-1,-1.0,-1,-1
EDELWEISS.csv,50.0,8,8,37.5,3,5,62.5,5,3
EICHERMOT.csv,33.33,4,8,50.0,4,4,0.0,0,4
EIDPARRY.csv,37.5,3,5,33.33,1,2,40.0,2,3
EIHOTEL.csv,41.67,5,7,33.33,2,4,50.0,3,3
ELECTCAST.csv,87.5,7,1,83.33,5,1,100.0,2,0
ELGIEQUIP.csv,44.44,4,5,57.14,4,3,0.0,0,2
EMAMILTD.csv,52.17,12,11,46.15,6,7,60.0,6,4
ENDURANCE.csv,15.0,3,17,17.65,3,14,0.0,0,3
ENGINERSIN.csv,28.57,2,5,66.67,2,1,0.0,0,4
ESABINDIA.csv,41.67,5,7,45.45,5,6,0.0,0,1
ESCORTS.csv,30.43,7,16,14.29,2,12,55.56,5,4
EXCELINDUS.csv,43.75,7,9,100.0,2,0,35.71,5,9
EXIDEIND.csv,14.29,1,6,25.0,1,3,0.0,0,3
FDC.csv,23.08,3,10,16.67,1,5,28.57,2,5
FEDERALBNK.csv,40.0,4,6,57.14,4,3,0.0,0,3
FILATEX.csv,50.0,5,5,40.0,2,3,60.0,3,2
FINCABLES.csv,58.33,7,5,57.14,4,3,60.0,3,2
FINEORG.csv,41.67,5,7,44.44,4,5,33.33,1,2
FINPIPE.csv,0.0,0,4,0.0,0,3,0.0,0,1
FLUOROCHEM.csv,47.06,8,9,53.33,8,7,0.0,0,2
FMGOETZE.csv,55.56,10,8,66.67,6,3,44.44,4,5
FORCEMOT.csv,11.11,1,8,0.0,0,4,20.0,1,4
FORTIS.csv,40.0,2,3,40.0,2,3,-1.0,-1,-1
FOSECOIND.csv,27.27,3,8,42.86,3,4,0.0,0,4
FRETAIL.csv,50.0,1,1,50.0,1,1,-1.0,-1,-1
FSC.csv,0.0,0,5,-1,-1,-1,0.0,0,5
GABRIEL.csv,71.43,10,4,90.0,9,1,25.0,1,3
GAIL.csv,20.0,1,4,33.33,1,2,0.0,0,2
GALAXYSURF.csv,50.0,6,6,71.43,5,2,20.0,1,4
GALLISPAT.csv,25.0,1,3,25.0,1,3,-1.0,-1,-1
GATI.csv,70.0,7,3,75.0,6,2,50.0,1,1
GDL.csv,33.33,1,2,33.33,1,2,-1.0,-1,-1
GEOJITFSL.csv,75.0,3,1,100.0,1,0,66.67,2,1
GEPIL.csv,12.5,1,7,0.0,0,1,14.29,1,6
GICRE.csv,60.0,6,4,42.86,3,4,100.0,3,0
GLAND.csv,40.0,6,9,33.33,2,4,44.44,4,5
GLENMARK.csv,17.39,4,19,0.0,0,5,22.22,4,14
GMDCLTD.csv,12.5,1,7,50.0,1,1,0.0,0,6
GMRINFRA.csv,22.22,2,7,0.0,0,6,66.67,2,1
GODREJCP.csv,0.0,0,13,0.0,0,9,0.0,0,4
GODREJPROP.csv,46.15,6,7,50.0,2,2,44.44,4,5
GPIL.csv,33.33,4,8,66.67,4,2,0.0,0,6
GRAPHITE.csv,66.67,4,2,-1,-1,-1,66.67,4,2
GRASIM.csv,41.67,5,7,44.44,4,5,33.33,1,2
GREENLAM.csv,53.85,7,6,100.0,7,0,0.0,0,6
GREENPANEL.csv,36.36,4,7,28.57,2,5,50.0,2,2
GREENPLY.csv,0.0,0,12,0.0,0,7,0.0,0,5
GRINDWELL.csv,53.85,7,6,58.33,7,5,0.0,0,1
GTLINFRA.csv,25.0,1,3,0.0,0,3,100.0,1,0
GTPL.csv,71.43,10,4,66.67,2,1,72.73,8,3
GUJALKALI.csv,54.55,6,5,60.0,6,4,0.0,0,1
GUJGASLTD.csv,10.0,1,9,20.0,1,4,0.0,0,5
GULFOILLUB.csv,6.25,1,15,0.0,0,4,8.33,1,11
HAL.csv,69.23,9,4,69.23,9,4,-1.0,-1,-1
HAPPSTMNDS.csv,33.33,1,2,-1,-1,-1,33.33,1,2
HATHWAY.csv,0.0,0,9,-1,-1,-1,0.0,0,9
HATSUN.csv,20.0,2,8,0.0,0,3,28.57,2,5
HAVELLS.csv,27.27,3,8,0.0,0,5,50.0,3,3
HBLPOWER.csv,54.55,6,5,54.55,6,5,-1.0,-1,-1
HCC.csv,38.46,5,8,55.56,5,4,0.0,0,4
HCLTECH.csv,9.09,1,10,14.29,1,6,0.0,0,4
HDFC.csv,25.0,3,9,28.57,2,5,20.0,1,4
HDFCBANK.csv,25.0,1,3,0.0,0,3,100.0,1,0
HDFCLIFE.csv,50.0,6,6,50.0,3,3,50.0,3,3
HEG.csv,40.0,2,3,0.0,0,2,66.67,2,1
HEIDELBERG.csv,50.0,7,7,50.0,4,4,50.0,3,3
HEROMOTOCO.csv,0.0,0,10,0.0,0,4,0.0,0,6
HESTERBIO.csv,33.33,1,2,0.0,0,1,50.0,1,1
HGS.csv,42.86,3,4,66.67,2,1,25.0,1,3
HIKAL.csv,0.0,0,4,0.0,0,2,0.0,0,2
HIL.csv,60.0,6,4,100.0,5,0,20.0,1,4
HIMATSEIDE.csv,40.0,4,6,0.0,0,2,50.0,4,4
HINDALCO.csv,100.0,2,0,100.0,2,0,-1.0,-1,-1
HINDCOPPER.csv,80.0,4,1,66.67,2,1,100.0,2,0
HINDOILEXP.csv,16.67,1,5,-1,-1,-1,16.67,1,5
HINDPETRO.csv,66.67,2,1,66.67,2,1,-1.0,-1,-1
HINDUNILVR.csv,0.0,0,5,0.0,0,2,0.0,0,3
HINDZINC.csv,37.5,3,5,42.86,3,4,0.0,0,1
HMVL.csv,27.27,3,8,28.57,2,5,25.0,1,3
HONAUT.csv,25.0,2,6,0.0,0,2,33.33,2,4
HONDAPOWER.csv,20.0,2,8,16.67,1,5,25.0,1,3
HSIL.csv,14.29,1,6,16.67,1,5,0.0,0,1
HUDCO.csv,50.0,2,2,50.0,1,1,50.0,1,1
HUHTAMAKI.csv,42.86,6,8,0.0,0,1,46.15,6,7
IBULHSGFIN.csv,62.5,5,3,40.0,2,3,100.0,3,0
ICICIBANK.csv,45.45,5,6,66.67,4,2,20.0,1,4
ICICIGI.csv,42.86,3,4,0.0,0,1,50.0,3,3
ICICIPRULI.csv,22.22,2,7,0.0,0,3,33.33,2,4
IDBI.csv,54.55,6,5,66.67,6,3,0.0,0,2
IDEA.csv,38.46,5,8,16.67,1,5,57.14,4,3
IDFC.csv,66.67,4,2,66.67,4,2,-1.0,-1,-1
IDFCFIRSTB.csv,53.85,7,6,80.0,4,1,37.5,3,5
IEX.csv,23.08,3,10,50.0,2,2,11.11,1,8
IFBIND.csv,25.0,2,6,0.0,0,1,28.57,2,5
IGARASHI.csv,66.67,6,3,100.0,2,0,57.14,4,3
IGL.csv,27.27,3,8,0.0,0,3,37.5,3,5
IGPL.csv,30.0,3,7,50.0,1,1,25.0,2,6
IIFL.csv,33.33,3,6,37.5,3,5,0.0,0,1
IIFLWAM.csv,50.0,4,4,57.14,4,3,0.0,0,1
IMFA.csv,72.73,8,3,85.71,6,1,50.0,2,2
IMPAL.csv,11.11,1,8,100.0,1,0,0.0,0,8
INDHOTEL.csv,25.0,2,6,40.0,2,3,0.0,0,3
INDIAGLYCO.csv,27.27,3,8,20.0,2,8,100.0,1,0
INDIAMART.csv,16.67,1,5,20.0,1,4,0.0,0,1
INDIANB.csv,33.33,3,6,33.33,3,6,-1.0,-1,-1
INDIGO.csv,42.86,3,4,50.0,3,3,0.0,0,1
INDNIPPON.csv,35.71,5,9,27.27,3,8,66.67,2,1
INDOCO.csv,14.29,1,6,33.33,1,2,0.0,0,4
INDORAMA.csv,40.0,2,3,33.33,1,2,50.0,1,1
INDUSINDBK.csv,60.0,3,2,0.0,0,1,75.0,3,1
INDUSTOWER.csv,62.5,10,6,0.0,0,2,71.43,10,4
INEOSSTYRO.csv,30.0,3,7,0.0,0,2,37.5,3,5
INFIBEAM.csv,0.0,0,5,0.0,0,1,0.0,0,4
INFY.csv,40.0,4,6,50.0,4,4,0.0,0,2
INGERRAND.csv,54.55,6,5,50.0,4,4,66.67,2,1
INOXWIND.csv,50.0,4,4,25.0,1,3,75.0,3,1
IOB.csv,57.14,4,3,100.0,1,0,50.0,3,3
IOC.csv,0.0,0,3,0.0,0,2,0.0,0,1
IPCALAB.csv,0.0,0,13,0.0,0,4,0.0,0,9
IRCTC.csv,42.86,3,4,50.0,2,2,33.33,1,2
IRFC.csv,20.0,1,4,0.0,0,1,25.0,1,3
ITC.csv,28.57,2,5,50.0,2,2,0.0,0,3
ITDC.csv,33.33,2,4,40.0,2,3,0.0,0,1
ITI.csv,22.22,2,7,0.0,0,3,33.33,2,4
JAGRAN.csv,33.33,4,8,57.14,4,3,0.0,0,5
JAYBARMARU.csv,33.33,4,8,37.5,3,5,25.0,1,3
JBMA.csv,100.0,6,0,100.0,6,0,-1.0,-1,-1
JCHAC.csv,47.62,10,11,75.0,3,1,41.18,7,10
JINDALPOLY.csv,66.67,8,4,62.5,5,3,75.0,3,1
JINDALSTEL.csv,85.71,6,1,85.71,6,1,-1.0,-1,-1
JINDWORLD.csv,0.0,0,8,0.0,0,4,0.0,0,4
JISLDVREQS.csv,64.71,11,6,100.0,7,0,40.0,4,6
JKCEMENT.csv,30.0,3,7,25.0,1,3,33.33,2,4
JPASSOCIAT.csv,66.67,6,3,66.67,6,3,-1.0,-1,-1
JSL.csv,50.0,2,2,50.0,2,2,-1.0,-1,-1
JSLHISAR.csv,66.67,6,3,66.67,6,3,-1.0,-1,-1
JSWENERGY.csv,20.0,1,4,50.0,1,1,0.0,0,3
JSWHL.csv,21.43,3,11,33.33,3,6,0.0,0,5
JSWSTEEL.csv,42.86,3,4,50.0,3,3,0.0,0,1
JTEKTINDIA.csv,10.0,1,9,0.0,0,6,25.0,1,3
JUBLFOOD.csv,42.86,3,4,42.86,3,4,-1.0,-1,-1
JUBLPHARMA.csv,25.0,4,12,-1,-1,-1,25.0,4,12
JUMPNET.csv,16.67,1,5,0.0,0,1,20.0,1,4
KAJARIACER.csv,35.71,5,9,22.22,2,7,60.0,3,2
KALPATPOWR.csv,9.09,1,10,20.0,1,4,0.0,0,6
KANSAINER.csv,23.81,5,16,0.0,0,11,50.0,5,5
KARURVYSYA.csv,18.18,2,9,22.22,2,7,0.0,0,2
KCP.csv,40.0,6,9,55.56,5,4,16.67,1,5
KEC.csv,30.0,3,7,75.0,3,1,0.0,0,6
KELLTONTEC.csv,31.25,5,11,0.0,0,3,38.46,5,8
KINGFA.csv,22.22,2,7,40.0,2,3,0.0,0,4
KIOCL.csv,33.33,4,8,57.14,4,3,0.0,0,5
KIRLFER.csv,50.0,6,6,71.43,5,2,20.0,1,4
KITEX.csv,50.0,3,3,40.0,2,3,100.0,1,0
KKCL.csv,27.78,5,13,45.45,5,6,0.0,0,7
KNRCON.csv,16.67,2,10,0.0,0,6,33.33,2,4
KOKUYOCMLN.csv,0.0,0,8,0.0,0,2,0.0,0,6
KOTAKBANK.csv,25.0,2,6,-1,-1,-1,25.0,2,6
KPITTECH.csv,37.5,3,5,60.0,3,2,0.0,0,3
KSB.csv,80.0,4,1,80.0,4,1,-1.0,-1,-1
KSCL.csv,0.0,0,10,0.0,0,7,0.0,0,3
KTKBANK.csv,25.0,2,6,40.0,2,3,0.0,0,3
KUANTUM.csv,44.44,4,5,42.86,3,4,50.0,1,1
LALPATHLAB.csv,46.15,6,7,54.55,6,5,0.0,0,2
LAURUSLABS.csv,22.22,2,7,16.67,1,5,33.33,1,2
LICHSGFIN.csv,12.5,1,7,0.0,0,3,20.0,1,4
LODHA.csv,77.78,7,2,83.33,5,1,66.67,2,1
LT.csv,60.0,9,6,50.0,5,5,80.0,4,1
LTI.csv,36.36,4,7,28.57,2,5,50.0,2,2
LUMAXIND.csv,50.0,6,6,0.0,0,1,54.55,6,5
LUPIN.csv,26.67,4,11,0.0,0,6,44.44,4,5
M&M.csv,40.0,2,3,40.0,2,3,-1.0,-1,-1
MAHABANK.csv,53.85,7,6,62.5,5,3,40.0,2,3
MAHINDCIE.csv,63.64,7,4,63.64,7,4,-1.0,-1,-1
MAHLIFE.csv,100.0,5,0,100.0,5,0,-1.0,-1,-1
MAHLOG.csv,66.67,6,3,57.14,4,3,100.0,2,0
MANGCHEFER.csv,7.14,1,13,14.29,1,6,0.0,0,7
MANGLMCEM.csv,46.67,7,8,46.15,6,7,50.0,1,1
MAPMYINDIA.csv,0.0,0,4,-1,-1,-1,0.0,0,4
MARICO.csv,10.0,1,9,12.5,1,7,0.0,0,2
MARKSANS.csv,50.0,8,8,33.33,1,2,53.85,7,6
MARUTI.csv,40.0,4,6,66.67,4,2,0.0,0,4
MASTEK.csv,88.89,8,1,80.0,4,1,100.0,4,0
MCDOWELL-N.csv,27.27,3,8,33.33,2,4,20.0,1,4
MCX.csv,10.0,1,9,0.0,0,1,11.11,1,8
MEP.csv,36.36,4,7,50.0,1,1,33.33,3,6
MFSL.csv,17.65,3,14,33.33,2,4,9.09,1,10
MGL.csv,26.67,4,11,25.0,3,9,33.33,1,2
MIDHANI.csv,14.29,1,6,0.0,0,3,25.0,1,3
MINDTREE.csv,37.5,3,5,60.0,3,2,0.0,0,3
MIRZAINT.csv,42.86,6,8,46.15,6,7,0.0,0,1
MMFL.csv,21.43,3,11,21.43,3,11,-1.0,-1,-1
MMTC.csv,33.33,4,8,80.0,4,1,0.0,0,7
MOIL.csv,0.0,0,4,0.0,0,3,0.0,0,1
MPHASIS.csv,20.0,2,8,0.0,0,2,25.0,2,6
MPSLTD.csv,37.5,3,5,20.0,1,4,66.67,2,1
MRF.csv,42.86,3,4,33.33,1,2,50.0,2,2
MSTCLTD.csv,15.38,2,11,16.67,1,5,14.29,1,6
MTNL.csv,11.11,1,8,20.0,1,4,0.0,0,4
MUTHOOTFIN.csv,25.0,1,3,-1,-1,-1,25.0,1,3
NACLIND.csv,8.33,1,11,33.33,1,2,0.0,0,9
NATCOPHARM.csv,28.57,2,5,0.0,0,2,40.0,2,3
NATIONALUM.csv,55.56,10,8,58.82,10,7,0.0,0,1
NAUKRI.csv,33.33,5,10,33.33,2,4,33.33,3,6
NAVKARCORP.csv,25.0,3,9,27.27,3,8,0.0,0,1
NAZARA.csv,0.0,0,2,-1,-1,-1,0.0,0,2
NBCC.csv,38.46,5,8,20.0,1,4,50.0,4,4
NBIFIN.csv,14.29,2,12,0.0,0,6,25.0,2,6
NECLIFE.csv,0.0,0,4,0.0,0,1,0.0,0,3
NELCO.csv,66.67,4,2,66.67,4,2,-1.0,-1,-1
NESTLEIND.csv,9.09,1,10,16.67,1,5,0.0,0,5
NETWORK18.csv,57.14,4,3,57.14,4,3,-1.0,-1,-1
NEULANDLAB.csv,21.43,3,11,28.57,2,5,14.29,1,6
NFL.csv,33.33,3,6,42.86,3,4,0.0,0,2
NHPC.csv,16.67,2,10,16.67,2,10,-1.0,-1,-1
NIACL.csv,70.59,12,5,50.0,2,2,76.92,10,3
NILKAMAL.csv,57.14,8,6,83.33,5,1,37.5,3,5
NLCINDIA.csv,0.0,0,10,0.0,0,8,0.0,0,2
NMDC.csv,40.0,4,6,20.0,1,4,60.0,3,2
NTPC.csv,27.27,3,8,27.27,3,8,-1.0,-1,-1
NUCLEUS.csv,57.14,4,3,-1,-1,-1,57.14,4,3
NXTDIGITAL.csv,0.0,0,8,0.0,0,3,0.0,0,5
NYKAA.csv,0.0,0,5,-1,-1,-1,0.0,0,5
OAL.csv,57.14,4,3,100.0,1,0,50.0,3,3
OBEROIRLTY.csv,40.0,4,6,50.0,4,4,0.0,0,2
OIL.csv,53.33,8,7,53.33,8,7,-1.0,-1,-1
OLECTRA.csv,45.45,5,6,-1,-1,-1,45.45,5,6
OMAXE.csv,30.0,3,7,40.0,2,3,20.0,1,4
ONGC.csv,58.33,7,5,50.0,4,4,75.0,3,1
ORIENTCEM.csv,47.37,9,10,42.86,6,8,60.0,3,2
ORIENTELEC.csv,30.77,4,9,50.0,4,4,0.0,0,5
ORIENTPPR.csv,40.0,6,9,46.15,6,7,0.0,0,2
PAGEIND.csv,50.0,6,6,54.55,6,5,0.0,0,1
PAISALO.csv,26.67,4,11,14.29,1,6,37.5,3,5
PARAGMILK.csv,40.0,4,6,0.0,0,1,44.44,4,5
PAYTM.csv,100.0,1,0,-1,-1,-1,100.0,1,0
PCBL.csv,25.0,1,3,0.0,0,2,50.0,1,1
PDSMFL.csv,50.0,3,3,50.0,3,3,-1.0,-1,-1
PEL.csv,33.33,4,8,50.0,3,3,16.67,1,5
PERSISTENT.csv,50.0,3,3,60.0,3,2,0.0,0,1
PETRONET.csv,42.86,6,8,42.86,3,4,42.86,3,4
PFC.csv,22.22,2,7,12.5,1,7,100.0,1,0
PFOCUS.csv,37.5,3,5,60.0,3,2,0.0,0,3
PFS.csv,0.0,0,4,0.0,0,4,-1.0,-1,-1
PGHH.csv,28.57,4,10,44.44,4,5,0.0,0,5
PHOENIXLTD.csv,19.05,4,17,16.67,3,15,33.33,1,2
PIDILITIND.csv,42.86,6,8,50.0,6,6,0.0,0,2
PIIND.csv,33.33,2,4,-1,-1,-1,33.33,2,4
PNB.csv,84.62,11,2,87.5,7,1,80.0,4,1
POLICYBZR.csv,55.56,5,4,-1,-1,-1,55.56,5,4
POLYCAB.csv,37.5,3,5,37.5,3,5,-1.0,-1,-1
POLYPLEX.csv,64.29,9,5,55.56,5,4,80.0,4,1
POWERGRID.csv,33.33,3,6,42.86,3,4,0.0,0,2
POWERMECH.csv,23.08,3,10,33.33,3,6,0.0,0,4
PRAJIND.csv,55.56,5,4,55.56,5,4,-1.0,-1,-1
PRAKASH.csv,25.0,1,3,50.0,1,1,0.0,0,2
PRESTIGE.csv,40.0,2,3,40.0,2,3,-1.0,-1,-1
PRINCEPIPE.csv,58.82,10,7,100.0,4,0,46.15,6,7
PSB.csv,37.5,3,5,60.0,3,2,0.0,0,3
PTC.csv,37.5,6,10,54.55,6,5,0.0,0,5
PURVA.csv,45.45,5,6,20.0,1,4,66.67,4,2
PVR.csv,50.0,6,6,44.44,4,5,66.67,2,1
QUESS.csv,23.08,3,10,33.33,2,4,14.29,1,6
QUICKHEAL.csv,50.0,3,3,0.0,0,1,60.0,3,2
RADICO.csv,35.71,5,9,36.36,4,7,33.33,1,2
RADIOCITY.csv,0.0,0,6,0.0,0,2,0.0,0,4
RAIN.csv,57.14,8,6,50.0,2,2,60.0,6,4
RAJESHEXPO.csv,0.0,0,5,0.0,0,5,-1.0,-1,-1
RAMCOCEM.csv,40.0,4,6,42.86,3,4,33.33,1,2
RANEHOLDIN.csv,10.0,1,9,25.0,1,3,0.0,0,6
RATNAMANI.csv,21.43,3,11,21.43,3,11,-1.0,-1,-1
RBL.csv,50.0,4,4,42.86,3,4,100.0,1,0
RBLBANK.csv,38.46,5,8,62.5,5,3,0.0,0,5
RCF.csv,14.29,2,12,14.29,2,12,-1.0,-1,-1
RCOM.csv,50.0,1,1,-1,-1,-1,50.0,1,1
RECLTD.csv,18.18,2,9,20.0,2,8,0.0,0,1
REDINGTON.csv,10.0,1,9,20.0,1,4,0.0,0,5
RELAXO.csv,44.44,4,5,33.33,1,2,50.0,3,3
RELIANCE.csv,11.11,1,8,0.0,0,5,25.0,1,3
RELIGARE.csv,55.56,5,4,40.0,2,3,75.0,3,1
RELINFRA.csv,100.0,6,0,100.0,6,0,-1.0,-1,-1
REPCOHOME.csv,66.67,6,3,66.67,4,2,66.67,2,1
RICOAUTO.csv,10.0,1,9,14.29,1,6,0.0,0,3
RITES.csv,16.67,2,10,0.0,0,2,20.0,2,8
RKFORGE.csv,80.0,8,2,80.0,8,2,-1.0,-1,-1
RPGLIFE.csv,14.29,1,6,25.0,1,3,0.0,0,3
RPOWER.csv,50.0,3,3,75.0,3,1,0.0,0,2
RTNPOWER.csv,37.5,3,5,50.0,2,2,25.0,1,3
RUPA.csv,33.33,2,4,33.33,1,2,33.33,1,2
SAFARI.csv,25.0,1,3,25.0,1,3,-1.0,-1,-1
SAIL.csv,57.14,8,6,87.5,7,1,16.67,1,5
SANDHAR.csv,33.33,4,8,33.33,1,2,33.33,3,6
SANGHIIND.csv,71.43,10,4,88.89,8,1,40.0,2,3
SANOFI.csv,40.0,2,3,-1,-1,-1,40.0,2,3
SASKEN.csv,37.5,3,5,50.0,2,2,25.0,1,3
SBICARD.csv,75.0,3,1,100.0,1,0,66.67,2,1
SBILIFE.csv,20.0,1,4,50.0,1,1,0.0,0,3
SBIN.csv,33.33,3,6,16.67,1,5,66.67,2,1
SCHAEFFLER.csv,60.0,6,4,60.0,6,4,-1.0,-1,-1
SCHNEIDER.csv,28.57,2,5,50.0,2,2,0.0,0,3
SEQUENT.csv,50.0,8,8,100.0,4,0,33.33,4,8
SFL.csv,44.44,4,5,37.5,3,5,100.0,1,0
SHALBY.csv,41.67,5,7,28.57,2,5,60.0,3,2
SHANKARA.csv,23.08,3,10,37.5,3,5,0.0,0,5
SHREECEM.csv,40.0,4,6,28.57,2,5,66.67,2,1
SIEMENS.csv,20.0,1,4,20.0,1,4,-1.0,-1,-1
SIYSIL.csv,37.5,3,5,33.33,2,4,50.0,1,1
SJVN.csv,54.55,6,5,62.5,5,3,33.33,1,2
SKFINDIA.csv,42.11,8,11,21.43,3,11,100.0,5,0
SKIPPER.csv,28.57,4,10,12.5,1,7,50.0,3,3
SMLISUZU.csv,33.33,2,4,33.33,1,2,33.33,1,2
SOMANYCERA.csv,50.0,6,6,57.14,4,3,40.0,2,3
SOUTHBANK.csv,44.44,4,5,0.0,0,1,50.0,4,4
SPANDANA.csv,20.0,3,12,0.0,0,5,30.0,3,7
SPARC.csv,27.27,3,8,20.0,1,4,33.33,2,4
SPENCERS.csv,36.36,4,7,66.67,2,1,25.0,2,6
SPIC.csv,55.56,5,4,83.33,5,1,0.0,0,3
SPICEJET.csv,50.0,6,6,0.0,0,1,54.55,6,5
SREINFRA.csv,20.0,1,4,0.0,0,3,50.0,1,1
SRF.csv,33.33,3,6,0.0,0,6,100.0,3,0
SRIPIPES.csv,45.45,5,6,62.5,5,3,0.0,0,3
SRTRANSFIN.csv,25.0,2,6,0.0,0,3,40.0,2,3
STAR.csv,50.0,8,8,-1,-1,-1,50.0,8,8
STERTOOLS.csv,50.0,3,3,60.0,3,2,0.0,0,1
STLTECH.csv,85.71,6,1,85.71,6,1,-1.0,-1,-1
SUBROS.csv,27.78,5,13,42.86,3,4,18.18,2,9
SUDARSCHEM.csv,54.55,6,5,100.0,5,0,16.67,1,5
SUMICHEM.csv,44.44,4,5,37.5,3,5,100.0,1,0
SUNDARMHLD.csv,35.71,5,9,33.33,4,8,50.0,1,1
SUNPHARMA.csv,31.58,6,13,31.58,6,13,-1.0,-1,-1
SUNTECK.csv,53.85,7,6,42.86,3,4,66.67,4,2
SUNTV.csv,30.0,6,14,30.0,3,7,30.0,3,7
SUPRAJIT.csv,50.0,2,2,50.0,2,2,-1.0,-1,-1
SUPREMEIND.csv,14.29,2,12,20.0,2,8,0.0,0,4
SURYAROSNI.csv,42.86,3,4,25.0,1,3,66.67,2,1
SUZLON.csv,0.0,0,14,0.0,0,7,0.0,0,7
SWSOLAR.csv,33.33,2,4,100.0,2,0,0.0,0,4
SYMPHONY.csv,45.45,5,6,60.0,3,2,33.33,2,4
SYNGENE.csv,6.67,1,14,11.11,1,8,0.0,0,6
TANLA.csv,66.67,10,5,83.33,5,1,55.56,5,4
TATACHEM.csv,27.78,5,13,30.77,4,9,20.0,1,4
TATACOFFEE.csv,100.0,3,0,100.0,3,0,-1.0,-1,-1
TATACONSUM.csv,56.25,9,7,81.82,9,2,0.0,0,5
TATAELXSI.csv,33.33,4,8,33.33,4,8,-1.0,-1,-1
TATAMOTORS.csv,40.0,4,6,0.0,0,4,66.67,4,2
TATAPOWER.csv,50.0,4,4,80.0,4,1,0.0,0,3
TATASTEEL.csv,66.67,6,3,66.67,4,2,66.67,2,1
TATASTLLP.csv,22.22,2,7,33.33,2,4,0.0,0,3
TCI.csv,50.0,4,4,50.0,4,4,-1.0,-1,-1
TCNSBRANDS.csv,0.0,0,2,0.0,0,2,-1.0,-1,-1
TCS.csv,33.33,4,8,20.0,2,8,100.0,2,0
TECHM.csv,16.67,2,10,20.0,2,8,0.0,0,2
TEJASNET.csv,16.67,1,5,0.0,0,3,33.33,1,2
TEXRAIL.csv,20.0,3,12,27.27,3,8,0.0,0,4
THERMAX.csv,42.86,3,4,75.0,3,1,0.0,0,3
TIDEWATER.csv,60.0,6,4,-1,-1,-1,60.0,6,4
TIINDIA.csv,64.29,9,5,64.29,9,5,-1.0,-1,-1
TIMETECHNO.csv,47.06,8,9,55.56,5,4,37.5,3,5
TIMKEN.csv,62.5,5,3,62.5,5,3,-1.0,-1,-1
TINPLATE.csv,83.33,5,1,83.33,5,1,-1.0,-1,-1
TITAN.csv,27.27,3,8,33.33,3,6,0.0,0,2
TNPL.csv,50.0,9,9,50.0,5,5,50.0,4,4
TORNTPHARM.csv,18.18,2,9,0.0,0,6,40.0,2,3
TORNTPOWER.csv,23.53,4,13,40.0,4,6,0.0,0,7
TRENT.csv,28.57,2,5,33.33,2,4,0.0,0,1
TTML.csv,66.67,4,2,0.0,0,1,80.0,4,1
TVSMOTOR.csv,12.5,1,7,25.0,1,3,0.0,0,4
UBL.csv,40.0,2,3,66.67,2,1,0.0,0,2
ULTRACEMCO.csv,22.22,2,7,25.0,2,6,0.0,0,1
UNIONBANK.csv,50.0,9,9,41.67,5,7,66.67,4,2
UPL.csv,20.0,2,8,25.0,2,6,0.0,0,2
VADILALIND.csv,53.85,7,6,44.44,4,5,75.0,3,1
VAIBHAVGBL.csv,70.59,12,5,50.0,1,1,73.33,11,4
VARROC.csv,0.0,0,9,-1,-1,-1,0.0,0,9
VBL.csv,28.57,2,5,33.33,1,2,25.0,1,3
VEDL.csv,37.5,3,5,50.0,3,3,0.0,0,2
VESUVIUS.csv,11.11,1,8,0.0,0,4,20.0,1,4
VGUARD.csv,23.08,3,10,30.0,3,7,0.0,0,3
VIDHIING.csv,0.0,0,2,-1,-1,-1,0.0,0,2
VIPIND.csv,25.0,2,6,28.57,2,5,0.0,0,1
VOLTAMP.csv,0.0,0,7,0.0,0,7,-1.0,-1,-1
VOLTAS.csv,21.43,3,11,11.11,1,8,40.0,2,3
VRLLOG.csv,50.0,6,6,55.56,5,4,33.33,1,2
VSTTILLERS.csv,37.5,3,5,50.0,3,3,0.0,0,2
WABAG.csv,21.43,3,11,22.22,2,7,20.0,1,4
WENDT.csv,14.29,1,6,20.0,1,4,0.0,0,2
WHEELS.csv,66.67,6,3,33.33,1,2,83.33,5,1
WHIRLPOOL.csv,64.29,9,5,0.0,0,1,69.23,9,4
WIPRO.csv,38.46,5,8,57.14,4,3,16.67,1,5
WSTCSTPAPR.csv,29.41,5,12,38.46,5,8,0.0,0,4
YESBANK.csv,40.0,4,6,0.0,0,2,50.0,4,4
ZEEL.csv,12.5,1,7,14.29,1,6,0.0,0,1
ZEELEARN.csv,0.0,0,8,0.0,0,8,-1.0,-1,-1
ZENSARTECH.csv,16.67,2,10,33.33,1,2,11.11,1,8
ZFCVINDIA.csv,0.0,0,1,-1,-1,-1,0.0,0,1
ZOMATO.csv,37.5,3,5,0.0,0,1,42.86,3,4
ZYDUSLIFE.csv,0.0,0,1,0.0,0,1,-1.0,-1,-1
ZYDUSWELL.csv,0.0,0,4,0.0,0,3,0.0,0,1
